ID,IDBook,Url
1,1,"https://www.freepik.com/free-vector/hand-drawn-web-developers_12063795.htm#query=programming&position=0"
2,2,"https://www.freepik.com/free-vector/laptop-with-program-code-isometric-icon-software-development-programming-applications-dark-neon_4102879.htm#query=programming&position=1"
3,3,"https://www.freepik.com/free-vector/web-development-programmer-engineering-coding-website-augmented-reality-interface-screens-developer-project-engineer-programming-software-application-design-cartoon-illustration_10798281.htm#query=programming&position=2"
4,4,"https://www.freepik.com/free-vector/code-typing-concept-illustration_10594781.htm"
5,5,"https://www.freepik.com/free-vector/hand-drawn-web-developers-working_12063788.htm"
6,6,"https://www.freepik.com/premium-vector/laptop-coding-concept-web-developer-programming-laptop-screen-code-illustration_10358528.htm"
7,7,"https://www.freepik.com/free-vector/code-testing-cartoon-banner-functional-test-methodology-programming-search-errors-bugs-website-platform-development-dashboard-usability-optimization-computer-pc-vector-illustration_10487786.htm"
8,8,"https://www.freepik.com/free-vector/banner-creative-agency_8924473.htm"
9,9,"https://www.freepik.com/premium-vector/digital-sale-social-media-post-template_9813176.htm"
10,10,"https://www.freepik.com/premium-vector/digital-business-marketing-social-media-post-web-banner_10255046.htm"
